0,68,14
1,67
2,67,4,59,52
3,3,18,39,77,4,35,65,63,50,43
4,62,65,14,79,83,51,3,71,44,39
5,67,12,57
6,75
7,72,68,26,7
8,57,30,45,39,7,4,91,83
9,85,66,68,84,36,14,19
10,32,81,72,45,6,11,31
11,34,5,10,56,33,24
12,72,60,50
13,69,54,13,52,11,39,70,26,63,49
14,58
15,29,47,24,51,45,34,82
16,41,79,86,35
17,16,70
18,84,4,86,48,1,70,20
19,48,79,89
20,36,8,63,31,21,3,77,71,55
21,72,64,17,12
22,48,15
23,73,32,28,89,21,70,45,27,37
24,60,31,35
25,41,75,22,77,52,14,7,42
26,62
27,87,57,36,11
28,6,89,91,20,62,27,50,10,84
29,34,90,42
30,51,38,33,3
31,71,22,25,79
32,14,77,76,44,72,47,55,23
33,87,11,57,24
34,36,42,89,48,25,47,68
35,62,54,86,10,6,73,52
36,43,38,57,41,70,50,66,36,86
37,42
38,64,58
39,76
40,73,90,60,80
41,36,26,83
42,80,66
43,52,44,43,22,8,17,81,80
44,16,27,25,20,45,85
45,26,3
46,37,26,64,3,70,87,61,79,28,10
47,44,9,79
48,40,24,49,5,66,1,39,67,27,78
49,49,46,69,85,34
50,83,62,41,54
51,8,62
52,75,14,47
53,44,7,46,34,65,2,27
54,38,63
55,37,55,10,35,58,25
56,44,63,74,7,88
57,42,67,15,84,19,5,76,2
58,7
59,51,18,31,82,12,43
60,64
61,60,8,55,61,91,73,24,19,71
62,17,75,35,64,10,14,25
63,84,55,17,74
64,27,72,5,52
65,24,64,59,86,71,72,65,78,74
66,56,1,23,58,53,9,84,36,82,34
67,38,34,37,33,41,23
68,25,17,30,28
69,45,40,57,53,47,83
70,75,43,81,79,46,37,59
71,36
72,88,86,8,38,2,19,4,45,62,52
73,37,28,80,90,48,56,60,47
74,56,40,31,22,49,74
75,39,20,14
76,20,7,82,76,40,73,24
77,80
78,65,18,10,15,32,81,88,25,46,68
79,40,59,28,37,43,78,14,42,20,23
80,80,48,83,22,78,45,51,58,62
81,46,42,75,49,39,53,45
82,91,58,32,77,36,49,54,79,84
83,48,77
84,14,17,63,5,22,82,73,45,61
85,9,37,87,46,83,52
86,3,85,64,79,42,87,60,74
87,27,52,43,15,84,42,10
88,60
89,61,67,11,24,60,27,80,82,79
90,77,41,86,27,63,59
91,62,51,45,84,1,89,55,50,73,74
92,27,79,60
93,25,65,51,50,64,56,47,81
94,33,36
95,8,52,2,64,57,68,56,85,86
96,14,43,61,1
97,67,83,8
98,50,29,83,5,36,61,12,25,38
99,56,9,34
100,82,63,57,44,69,70,2,15
101,31,48,17,47,79,21
102,83,48,79,49,35,72,75,28,61
103,28,3,65
104,45,40
105,45,9,85,77,32,82,50,65,16
106,46,57,47,28,64,33,61,84,70,81
107,90,40
108,20
109,54,61,17,39,79,42,28,53,29
110,27,25,50,45,51,78,62,52,82
111,34,20,56
112,35,83,56,81,2,76,8,61,89
113,31,41,78,42,48,10
114,32,52,91,27,55,69,26
115,13,47
116,4,16
117,60,33,25,5,64,50,70,19
118,43,40,54,30,87,89,77,78,10
119,78,68,10,2,14
120,22,69,73,91,70,15
121,50,54,29,42,55,86,38,33
122,61,4,54
123,15,87,60
124,54,38,71,55,31,83
125,12,87,15,14,50,33,2,81
126,87,21,62,28,55,69,37,13,36,88
127,61,80,4,60,45,77,34
128,7,76,49,59,73
129,75,25,74,42,50,71,2,53
130,44,76,37,55,21,20,60,27,8,84
131,50,32,82,22,19
132,75,34,20,76
133,79,60,15,13
134,60,20,88,70,73,65,55
135,79,20,35,30,1,2,33,21,8
136,39,22,85,26,62,50,16,89
137,56,5
138,30,66,55
139,61,55,85,8,75,36,83,31,24,23
140,20,54,38,13,55
141,71,44
142,69,51,54,30,36,22,50,46,16
143,41,40,43,7
144,14
145,43,4,46,69,38,6,10,30,87,58
146,34,86,39,48,6,10
147,58,29
148,15
149,46,47,27,8,50,29,33
150,83,84,4,54,81,62,8
151,80
152,3,70,32,29,86,43,42
153,73
154,22,80,26,33,58
155,87,49,52,48
156,52,64,29,27,48,80,84,34,10
157,50,83,84,81,5
158,65,22,86,23,72,64,71,55
159,88,40,15,82,70
160,16,41,80,42,26,87,84,44,19
161,1,84,85,17,86,22
162,79,62,76,47,31,35,11,60,3
163,23,13,74,49,91,9,54,85
164,39,63,3,6
165,80,65,82,68,61
166,21,83,24,4,62,76
167,3,64,70,54,27
168,71,50,75,53,84,89,68,22
169,91,31,63,79,28,69,1
170,89,68,19,5
171,86,83,71,61,39,87
172,10,21
173,86,37,49,18,39,72,57,28,40
174,10
175,7,43
176,70,73,81,80,44
177,78,56,77,53,48
178,29,53,18,41,35,52
179,63,8,16
180,73,38
181,32,50,33,90
182,73,49,68,77,84,33,59
183,66,54,80,37
184,38,10,16,51,24,81,57
185,30,28,47,81,84,50,88,12,18
186,36,79,82,56,34,58,80,62,77,12
187,17,63,70,30,50
188,12,73,85,34,71,57,13,66
189,24,37,36
190,4,78,24,59
191,49,2,6,78,33,26
192,43,18,84,17,86,24,2,72,58,64
193,65,12,83,14,33
194,11,3,13,91,74,49
195,58,80,29,54,20
196,21,74,35,2,53,32,34
197,65
198,30,23,61,69,64,91,21,51,59
199,24,20
200,27
201,28,50,82,24
202,73,81,16
203,50,12,51,13,11,47,54,83,4,28
204,10,21,67
205,72
206,27,63,15,14,60,12
207,66,89,17,4,78,44,13,83,54,8
208,50
209,80,58,46,78,52,65
210,89,22,41,56,29,24,83,69
211,86,56
212,28,54
213,11,76,25,49,20,75,13,32,52
214,6,46,31
215,34,41,39,45,9,26,60
216,36
217,39,62,83,12,79,54
218,6
219,75,90,57,83,60,37,17
220,32,82,67,60,52,54,59,68,75,27
221,12,39,53,50,18
222,35,59,57
223,62,35,40,26
224,53,6,29,19,65,71,13,61,47
225,46
226,48,3,54
227,6,65,34,55,89,78,43,52,18
228,67,61,23,65,18,33,3
229,78,30,40,21,34,3,10
230,7,32,43,18,6,35,3,10,14
231,89,41,39,67,33,83,17,43,56
232,76,42,67,62,7,78
233,67,6,9,5,24,43,90,81,56,57
234,45,43,53,22,42
235,7,61,50
236,90,59
237,48,58,8
238,41,45,27,51,90,24
239,62,43,2,83
240,77,23,62,61,28,53,19,79,29,1
241,7,4,38,89,32,88,15,45
242,30
243,6,34,11,73
244,27,63,34,7,39,84,57,17,32
245,35,10,22,42,19,76,4,67,54
246,17,26,46
247,62,57,42,7,32,47,75,3,71
248,40,42,20,12,79,88
249,28,48,14,36,91,58,17,20,84
250,63,4,50
251,87,64,81,71,51,66,45,46
252,25,43,79,20,11,38,74
253,52,74,53,14,1,27,42
254,24,74,6,78,56,71,85
255,27
256,64,36,74,6,84,82,22,13,91
257,36,60,75,37,77,74,3,58,40,7
258,10,35,64,50,33,90,48
259,13,29,74
260,52,67,54,14,36,78,31,23
261,2,32,6,73
262,10,69,73,9,37,13,66,33,71
263,33,71,70
264,58,79,11,84,72,54
265,81,23,50,82,84,28,38,17,13,24
266,19,28,5,80,57,36,29,45
267,15,52,62,54,56,71,72,7,9,40
268,7,53,29,43,58
269,72,22,60
270,75,59
271,55,6,29,64,46
272,1,59,72,54,53,83,34,2
273,91,69
274,65,24,86,21,56,23,16,14,66,88
275,87,71,64,16,3,42,45,5
276,65,53,70,40,80,25,42,68,26,46
277,20,43,57,46,10
278,59
279,41
280,11,5,13,10,87,51,52,12
281,83,62,9,74,54,38,10
282,4,15,34,74,6
283,55
284,82,24,65,42,57,38,50,69,56
285,42,5
286,16,42,28,46,75,24,40,1,4,72
287,35,7,62,30,38,40,41,88,77,53
288,20,42,39,44,33,18,67
289,25,64,26,74,36,66,77
290,69
291,45,80,81,91,24,16,37,85
292,60,8,78,49,30,36
293,26,68,42,35,28,18,45,76,11,89
294,31,86,5,38,15,58
295,13,6,71,68,83,69,28,55
296,75,88,82,50,91,90,61,41
297,50,26,29,61,77,30,4,40
298,85,5,87
299,57,29,83,5,7,56,31,66
300,78,53,77,45,23,36,25,21,87
301,34,46,81,91,41,80
302,29
303,24,17,79,53
304,23,70,5,49,26,35,17,2,56
305,24,77,22,74,58,84,61,6,25,44
306,34,8
307,49,9,63,21,4,67,59,33,34
308,22,51,2,55,83,14
309,10,71,13,61
310,19,56,88,79,87,60
311,47,34,7,62,15,59,77,10
312,7
313,35,73,23,53,55,44,21
314,85,42,86,68
315,89,71,52,50,29
316,66,46,56,53,74,52,63,83,51
317,1,22,81,86
318,79,70
319,33,62,14,25,67,4,60,71,73
320,3
321,15
322,8
323,71,82,48,41,87,13,4,10,47
324,8,54,17,89,56,29,37,76,85
325,29
326,69,30,34,58,33,84,20,63,66,74
327,33,64,90,31
328,42,62,70,36,58,51
329,1,19,54
330,18,11,74,2,53,1,77,54
331,5,88
332,40
333,84
334,1,16
335,84,17,89,6
336,89,85
337,43,13,9,47,34,36
338,53,73,65,33,66,74,15
339,11,20,87
340,52,58,45,15,50,65,33
341,87,35,22,61,34,24
342,5,46,6,17
343,10,38,87,90,76,89,44,33,66,1
344,42,22,67
345,41,57,6
346,39
347,44,82,49,68,79,43,45,13,62
348,88,22,59,32,83,77,62
349,70,90,89,64
350,29,83,41,75,47,48
351,48,11
352,29,63,14,55,70,46,43,59,82
353,7,64,12,29,87,84,91,61
354,91,63,19,73,34,86,88,31
355,21,30,24,18,39,48,45
356,52,33,68
357,74,77,42,66,69,17
358,19,24,53,77,91,26,66,57,75,59
359,25,82,69,36,21,80,77,67
360,51,58,69,33,39,89
361,47,20
362,53,35,66,8,82,49,47,79
363,55,28,25,21,45,11
364,59,38,65,18,51,33,27
365,81,46,28,25,79,89,33,55,36
366,83,60,70,82,84,52,72,10,19,46
367,17,75,26,61,9,65,1,18
368,6,48,34,29,17,45,31,56,77,85
369,33,11,58
370,77,32,8,50,67,35
371,61,49,40,90
372,13,67,88,37,81,15,77,3
373,56,23,36,51,82,67,8
374,55,41,11
375,65,14
376,49
377,18,68,75,19
378,63,66,54,21,69,84,41,59
379,9,7,10,70,57,16
380,28,34
381,78,68,61,26,90,75,55,85,52,70
382,78,19,70,61,85,71
383,17,27,84,6,32,33,10,40,58
384,9,12,40,41,33,88,58,59,14,77
385,9,60,80
386,56,44,12,29,52,64,36,81
387,86,6
388,73,28,76
389,59,3
390,90,65,42,66,17,34
391,58,14,38,63
392,90,69,65
393,26,14,64,15,9,17,41,86,10,22
394,69,75,86,40,25,9,27,62,1
395,61,2,18,28,52,29
396,65,2,89,7,87,81,18,71,14
397,63
398,3,37,77,1,61,36
399,14,67,66,46
400,59
401,25,73,84,60,61,23,76,18,58,27
402,80,34,43,6
403,37,13,88
404,79,30
405,88,20
406,8,49,67
407,1,79,47,27,31,51,42,7,21,82
408,56,91,63,51,60,38
409,87,62
410,48,7,56,87,41,81,18,22
411,50,52,66,54,7,90,60,15
412,40,75,65
413,31,2,25,22,86,34,80,82
414,65,38,55,77,88,50,4
415,39,18,14,11,89,12,75
416,65,7,50,3,61,37
417,21,15,85,17,71,63
418,66,87,45,47,41,15,27,16,63
419,49,32,70,65,72,67,10,69
420,37
421,60,21
422,39,13,90,79,59
423,11,21,85,3,91,60,80,43
424,46,42,90,48,84
425,19,5,83,80,72,34,4,85
426,20,21,79,18,38,55,54,32,64
427,76,91,64,66,4,81,14,87,40
428,75,10,89,23,9
429,78,49,32,54,10,4,81
430,21,31,56,50,14,39,85,68
431,63,59,62,58,43,83
432,76,25,74
433,52,83,1,88,80
434,19
435,25,15,58,7,36,56,65,37,20
436,37,72,41,55,8,69,33,46,35
437,16,72,57,20,49
438,53,18,79
439,78,30,91,29,48,31,1,24
440,91,52,41,37,34,50,76,28,19
441,28,17,32,47
442,83,46
443,59
444,48,21,36,47,64,43,67,37
445,45,33,71,7,83,5,81,51
446,60,24,78,54,84,69,85,15,87,52
447,69,46,83,76,41,71
448,21,41,76,10,65,29,40,31,77,9
449,46,87,34,27
450,79,2,51,13,64,35
451,23,43,48,57,38,66,85,72,81,49
452,19,4,47,7
453,23,49,30,61,11,43,31,83,9,14
454,31,63,91,49,73,71,23,51,19
455,76
456,4,91,13,35,60,14,80,48
457,12,17,55,39,24,87,41,57,51,44
458,6,15,48,80,10
459,2
460,53,23,74,33,66,47,12,29,87
461,85,80,32,9,69,57,5
462,35,79,54,17
463,13,26,52,5,50,78
464,62,58,16
465,27,88,58,18,76
466,89,60,34,82
467,83,47,38,45,3,42,72,30,24,43
468,3,74
469,59,48,47
470,29,51,76,17
471,24,21,89,33,3,9,84
472,43,63,5,8,2,68,55,42,90,33
473,42,2,17,54,74,59,69,1,50
474,85,44,29
475,54,34,6,8,66,38,64,86
476,34,78,16,59,15,37,85
477,57,2,30,16,26,53,3,86,84
478,10,51,4,9,71,36,64
479,67,59,19,77,46,16,64,5,4,82
480,91,36,71
481,74,55,41,53,5,72,56,62
482,30,84,32,23,46,57,75,66
483,74,73,25,4
484,77,61,48,5
485,69,32,68,33,18,51,61,71
486,36,10,59,46,9,37,65,60
487,59,15,32,76,85,38,61,57,13,87
488,9,77,10,58,2,18,57,67
489,18,64,79,81,83
490,68,47,39
491,67,5,63,4,15,13
492,36,53,86,89
493,54,26,18,91,47,53,21
494,37,77,78,48
495,38,90,37,2,15,47,84
496,39,1,19,29,40
497,10,42,21,66,5,82
498,34,52,31,40,32
499,58,67,64,79,47
500,23,74,35,30,16,49
501,42,1,13,65,85,39,82,25,84
502,46,18,52,12,41,22,81,14,39
503,76,42,3,89,60,19
504,53,76,48,7
505,54,48,79,74,32,30
506,72,1,59,87,80,54,81,21
507,39,74,9,22,66,73,55,18
508,76,43,50,38,25,7,54,15,79,40
509,63,15,69,50,29,80
510,3,66,36,84,45,44
511,85,56,15,90,48,80
512,39,8,65,4,64,24,25,35
513,61,73,23,4,14,47,87,90
514,60,56,61,27,13,79,8,80,50
515,65,19,59,83,73
516,33,44,29,76,48,17
517,24,58,57
518,49,2
519,72,47,67,80,43,22,86,32,44
520,8,2
521,58,1,33,44,91,63,60,62,14,77
522,91,9,74,31,7,86,43,15
523,48,29,33,25,49,84,37,34,22,91
524,7,15,17
525,12,14,2,60,8
526,88,4,70,27,32,45,62,57,43
527,6
528,25,59
529,78,76,9,86
530,4
531,67,71
532,84,41,63,88
533,35,78,10,91,76
534,35,80
535,66,10,86,42,13,17,77
536,87,57,76,16,44,74,63
537,78
538,36,68,1
539,58,34,66,70,41
540,59,72,17,65,31,29,25
541,3,20,22,25,66,5
542,79,70,82
543,14,47,64,11,38,21,73,34
544,25,49,55,66
545,22,25
546,77,33,64,38,40,48,75,10,85
547,85,79,58,26,69,90,59,21,45,33
548,3,47,53,51,19,33,75
549,43
550,23,86,61,47,51,1
551,30,48,87,20,82
552,75,79,77,91,41,15,53,64,8
553,86,11,45,66,61
554,73,62,24,10,27,12,13
555,65,4,22,71,2,88,86,91
556,44,75
557,43,17,63,32,89,3,84,12
558,23,41,86,48,37
559,64,73,41,6,91,75,44
560,57,17
561,75,86,3,16
562,58,27,59,4,13,25
563,52,11,48,42,81,78,8,20,75
564,11,18,16,37,35,65
565,88,49,18,55,25,24,53,20,51,11
566,78,87,19,53,58,22
567,67,3,1
568,38,11,87,78,33,65,42,30
569,9,62,67,19,57,34,16,78
570,80,9,79,72,34,74,39,57,56,49
571,73,51,75,19,2,31,17,43
572,23,76,67
573,27,84,62,70,39,47,6,38,16,15
574,70,65,91,66,46,80
575,52,73,1,42,49
576,81,90,3,37
577,73,84,29,48,11
578,54,45
579,45,82,61,34,67,5,30,87
580,56,32,87,69,64,14,61,77,52,27
581,34,18,32,88
582,61,9,46,25
583,76,4,27,25,41,65,8,13,22,16
584,69,18,68,83
585,90,19
586,13,14,78,47,23,69,79
587,46,19,51,52,66,41,37,62,35,45
588,46,53,23,61,22,43,4,90,58,84
589,20,59,61,53,9,51,42,26,76
590,41,21,72,14,61,84,50,91
591,29,20,49,82,56
592,20,82,42,5,54,34,72
593,51,42,81,7,10,68,63,74,44,37
594,2
595,11,34,77,53,23,35,59,16,1
596,50,57,74,90,4
597,17,40,77,15,58,72,3,70
598,19
599,66,32,33
600,37,47,35,55,62,74
601,53,20,7,83,29,5
602,74,63,84,53,16,26,43,41,12,52
603,63,7,80,85,70
604,51,10,73
605,76,83,71,58,81,15,55,31,86,64
606,15,54,60,76,19,62
607,12,5,36,76
608,64,33,54,83,44,9,30,35
609,29,63,34,25,51,14,5,26
610,52,51,34
611,43,49,2
612,10
613,76
614,1,24,11,91,71,72
615,74,52,53,43,58,61,67
616,50,62,52,68,79,58
617,25,38,40,2,11,44,18,17
618,91,9,15,34,42,71,11,25
619,6,54,1,71,42,68
620,56
621,4,88,25,6
622,46,85,7
623,50,35,44,46,7,5,14
624,31,45,54,7,73
625,59,67,7,28,62,45,77,37,1
626,9,71,83,55,16,39,52,10,58,59
627,69,9,62,63,71,15,43,38,64
628,24
629,42
630,79,60,46,33,70,59,30,7,64
631,66,88,28,26,89,65
632,90,35,52,31,45,72,19,22,81,30
633,70,9,89,60,33,12,82
634,81,40,48
635,20,83,4,68,69,15,2
636,78,65,51,84
637,27,10,21,90,61
638,90,64,32,35,77,91,88,10,33
639,83,49,78
640,2,11,34,67,48,70
641,70,44,69,58,8,83,65
642,27,80,91,1,2,41,6
643,61,91,88
644,72,47,69,2,29,36,77,25,6,20
645,18,11,15,80,69,58,23
646,51,8,31,61
647,40,83,62,35,26,79,86,18
648,58,8,91,21,60,40,37,31
649,59,44,61
650,69,87,68,34,85,72,20
651,75,27,21
652,68
653,55,69,45,32,87,3,47
654,53,10,78,57,6,59,31,41,75
655,71
656,47,89,40
657,1,28,89,79,90,62,61
658,25,64,63,47,1,49,88
659,72,66
660,50,35,71,78,10,12,46
661,75
662,29
663,15,59,7,80,58,25
664,42,26,52,78,41,45,39,14
665,76,81,78,83,69,37
666,74,59,63,3,58,52,48
667,32,45,90
668,31,78,32,62,8,69,9,41
669,57,16,28,64
670,68,57,67,91,60
671,83,61,2,43,47,78,65,58,42,22
672,60,32,41,77,79,90,71,82,47,64
673,91,76,86,62,41,45,43,67,81
674,26,13,89,70,41,71,56
675,50,54,89,43,3
676,73,32,45,14,25,13,65,66,33,12
677,24,25,3,47,45
678,32,16,10,5,6,56,34,67,66
679,62
680,50
681,66,30,35,69,64,28,84,65,21,72
682,4,8
683,60,72
684,69,91,31,89,75,5,86,67
685,1,73,44,43
686,81,23,24,42,28,65,56,3
687,46,84,40,50,61,71
688,76,62
689,7,2,10
690,53,89,75
691,16,86,68
692,38,59,67,88,52,79,11,34,72
693,12,6,72
694,14,57,17,11
695,91,75,42,15
696,80,79,49,73
697,6,25,91,39
698,43,33,26,57,19,4,82
699,54,9,74,19
700,1,74,66,57,23,62,32,43
701,46,62,70,75,66,64,54,23,29,39
702,43,41,89,70
703,9,33,88,35
704,24,71,67,3,74,76,12
705,84,72,10,17,33,64,68
706,62
707,80,57,73,43,85,63
708,3,38
709,23,18,67,68,26,69,54,71,19,14
710,72,42,17,91,52,24
711,37,46
712,84,9,1
713,85,37,25
714,89,13
715,19,72,1,30,17,79
716,39,75,59,87,71,89,34,35,1
717,70,87,83,11,73,38,37,43,63,74
718,11,21,66,77,22,75,29
719,48,88,24,60,61,12,75
720,29,48,62,56,30,73,8
721,10,86,41,69,47,91
722,56,74,44,30,23,81,33,42,6
723,13,81,8,39
724,82,35,64,84,17
725,26,48,62,18,52,31,39,25,80,68
726,46,79,21,39,56,76,15,70,8,71
727,63,23,21,32,4,70,55
728,49,16,91,23
729,40,5
730,83,44,57,16
731,63,30
732,87
733,43,31,83,1,20
734,45,88,47
735,40
736,74,20
737,91,10
738,17,37,18,35,6,75,33
739,30,49,60,21
740,80,88,36,54,40
741,80,77,76
742,31,25,80,85,56
743,28
744,31,19,42,15,3,59,64,70
745,29,10,84,36,70,6,4,73,25,81
746,27,36,44,14,52,48
747,40
748,56,87,32,34,65,30,52
749,84,62,81,7,60,12,44,78
750,34,24,21,77,20,14,37,84,78,15
751,63,74,55,9,28,36,3
752,51,81
753,66
754,22,69
755,78,66,8
756,47,84,66,25,20,53
757,50,51,56,80,27,10,91,37,62
758,73,7,37,69,2,40,26,12,36,76
759,61,46,34,6,91,74,62,63
760,22,82,68,91,16,5,75,77,89
761,34,3,26,89,22,20,88,14,11
762,67,30,38,88,80,82,86,55
763,77,46,31,55,40,28,23
764,14,29,81
765,53,42
766,25,50,4,78,2,20,83,47
767,31,57,1
768,49,38,88,17,50,73,36,20
769,76,11,7,3,1
770,6,71,47,90
771,8,27,38,5,47
772,62,28,6,20,65,83,81,45
773,61,81,17,54,42,87,53
774,43,49
775,48,65,10,2,52,73
776,31,67,78,35,85
777,62,78,4,39,36,67,43,66,82
778,15,35,29,19,6,87,14,40
779,28,44,59,2,49,56
780,74,39,48,61
781,43
782,30
783,1,63,31,78
784,46,26
785,24,47,81
786,68,2,65
787,76,2,38,14
788,26,91,88,40,25,79,56,29,28,75
789,72,74,6
790,59,65,56,6,32,3,42,49
791,27,70,73,56,15,64,3
792,59,61,40,50
793,46,47,58,38,2,16,73,79,67,90
794,62
795,67
796,85,77,33
797,5,38,9,16,51,23,45
798,35,39,16,1,48,71,65,82,8,86
799,16,91,71,42,24,20,78,55,58
800,4,41,68,36,29
801,78,66,89
802,20,21,57,22
803,45,39,78,59
804,28
805,27,34,43,3,75,67,10,7,56
806,13,48,37,85,28
807,26,64,57,85,8,81,78,65,63
808,76,50,90
809,44,89,3,47
810,23,58,71,81
811,11,55,42,88,18,74,4
812,78,68,89,17
813,32
814,90,39,41,65,47,33
815,57,72
816,64,3,11
817,7,57,26,22,13,65,76,6,52
818,86,49,27,20,57,65,21,61,2,43
819,4,38,6,15
820,47,52,49
821,80,60,32,56,72,15,75
822,64
823,8,52,41,73,47
824,3,54
825,17,74,31,25,24,52,43,26,87
826,18,73,2,56,23,11,34,77,89,81
827,57,64,61,22,36,70
828,80,84,14,10
829,10,53,78,69,16,64,73,84
830,18
831,20
832,30,39,8
833,56,10
834,10,20
835,36,27,45,56,16,80,28,38,8
836,5
837,85,13,8,58,82,27,53,40,38,34
838,52,56,47,60,75,9,3,33,26
839,19
840,62,59,49,7,86,19
841,91,38,88,41,6,30
842,87,71,73,37,33,80,36,8,74
843,38,9,13,87
844,21,64,27,71,6,42
845,91,18,33,79,60,13,25,53
846,14,32,62,23,52,2,91,57
847,70
848,90,1,11,36,4,57,88
849,68,86,63,73,5,23,42
850,34,87,67,48
851,9,2,13,39,85,36,10,75,43,1
852,45,33,26,65,53,1,59
853,43,16
854,54,64,7,23,30
855,7,27
856,83,9
857,14,37,10,73,38,6,21,85,80
858,11,20,69,39,23,85,7,67
859,56,82,62,86,89,15,55,2,72
860,68,40
861,45,71,80,42
862,66,34
863,43,64,3,57,46
864,17,45,33,8,36
865,79,26
866,34,12
867,40,22,16,28,56
868,11,83,72
869,30
870,16,19,87
871,73,28,1,33,4,31,9,76,48,11
872,2
873,65,37
874,50,42,36,10,33,13,23,12
875,49,90,20,1
876,7,50,49,34
877,89,13
878,9,48,3,70,13,90,64,87,82,21
879,13,1
880,22,30,48,21,84,19
881,35,20
882,7
883,83,18,38,77,23
884,43,38,87,30,3,8
885,46,41,51,77,66,14,74,87,57
886,80,21,35,52,65,75
887,76,34,80,64,72,23,37
888,72,58,38,18,74,47
889,64,80,79,73,9,32,88,62
890,81,87,86,18
891,2
892,53,37,58,86,78,32,11,62
893,19,10,78,12,69,1,2
894,27,11
895,41,23,64,1,11
896,14,5
897,75,17,26
898,28,1,15
899,7,5,90,63,42,14,79
900,46,11,88,57,3,66,52
901,79,32,55,70
902,91,61,29,20,68,72,55,36,64,31
903,61,22,40,9,23,85,84,37,7,34
904,59,18,12,26,66,61,55,73,82,14
905,14,63,48,85,18,71,24,13,49,16
906,20
907,45,81,8,38
908,84,70,66,42,46,73,80
909,3,72,54,55,28,6,68,21,76,81
910,72,47,63,13,19,69
911,23,13
912,56,7,37
913,75
914,50,88,52,51,2,76,55
915,65,47,83,81,24,77
916,24,61,51,57,9,6,86,75,55,11
917,3,10,68
918,63,40
919,7,31,63,61,12,57,1,60,67
920,89,75,84
921,11,32,56
922,33
923,36,88,59,26,28,89,76,73,77,4
924,44,24,55,56,8
925,12,65,61,64,14
926,90
927,35,14
928,35,79,52,83,43,48,78,89
929,69,79,47,48,89
930,87,65,27,82,31,16,37,14,33,5
931,2,57
932,68,67,41,32
933,68,24,67,50,37,72,57,28,23,1
934,25,76,15
935,26,44,16
936,43
937,71
938,8,36,46,67,21,90,50
939,77,36,80,3,27,70,58,5
940,4,39,75,38,68
941,53,32,46,49
942,38,7,18,91,24,3,89,46
943,33,41,15
944,53,16,83,49,43,80,33,89,87
945,35
946,19,32,5,43,70,4,69,52,59,14
947,79,64,68,78,73,3,50,65
948,9,48,59,79,17,82,56,39,41
949,13,11,60,3,14,62
950,9,22,45
951,73,88,91,53,69
952,53,42,54,21,19,43,44,37
953,56,63,64,11,55,53
954,79,14,13,71,3,88,65
955,76,18,77,9
956,59,72,1,10
957,4,88,10,43
958,26,83,49,64,3
959,13,32
960,58,74,14,15,25
961,83,44
962,32,14,1,9,89,63,28,11,4
963,37,28,55,60,49,7,25,69
964,56,2,33,79,12,4,50,32
965,49,34,31,48,79,54,72,14
966,17,4,5,10,8,48,57,55
967,74,58,72,76,68,90,28
968,30
969,66,60,26,17,83,36,59,21,63
970,37,32,63,27,83,69,59
971,45,35,47
972,90,79,38,49,41,88,52,28
973,69,9,84,34,16,12,91,61
974,18,3,89
975,76,49,52,46
976,2,6,10,83,39,28,25,73,34
977,62,70,44,55,4,80,47,59,1
978,5,28,71,31,4,52,15,7,45
979,56,84
980,30,6,55
981,72,82,2,32,35,86,37
982,47,35,10,11,32,46
983,25
984,79,27,4,65,33,34,90,48,59
985,47,83,33,17,77,85,53,12
986,71,35,4,75
987,17,85,71
988,13,9,26,78,41,48,83
989,6,15,11,64,4,84,66,37,42
990,32,23,40,10,8,85,24,77,70,90
991,33,8,61
992,32,50,22,76,23
993,14,82,22,26
994,26
995,39,28,35
996,84,76,75,78,73,29,33
997,19,51,59,44,65,2,49,79,30
998,21,81,83,35,8,61,82,34,77,11
999,66,29,50,28,63
1000,23,59,16,27,14,52,76,34,10
1001,38,43,55,63,72,2,13,39,81,50
1002,55,58,11
1003,11,58,45,1,82,86,48,39
1004,19,49,67,51,15,83
1005,14,91
1006,14,47,55,56,17,43,50,7
1007,34
1008,24,60,68,36,1,31
1009,33,87,72
1010,89,53,57,45,4,16,37,35,76
1011,30,49,38,42
1012,13,52,58,36,44,81
1013,17,60,83,87,46
1014,25,51,19,13,8,56,24,28,55
1015,76,21,9,78,11,55,8,68,13
1016,56,89,45,67,43
1017,20,39,60,34
1018,67,62,90,33,22
1019,72,3,30,87,12,70,67,36,26,65
1020,60,14,28,57,74,22,65,3,11,38
1021,21
1022,44,11
1023,15,39
1024,58
1025,59,35,43,53,42,65,20,83
1026,20,44,37,59,90
1027,42,52,60,59,44,8,27,55,77
1028,12,59,16,70,38,86,19,91
1029,59,33,20
1030,8,69,74,71,82
1031,59,29,43,80,54,41,89,34,58
1032,40,43,4,39,41,14,38,72,53,87
1033,37,16,87,45,40,43,81,77,61,76
1034,28,13,7,88,52,72,83
1035,2,84,50,3,49
1036,24,8,31,26
1037,64,67,26,6,55,71,49
1038,8,10,79,44,80,16,19
1039,74
1040,73,54,50,6,58,26,38
1041,54,34,33,18,50,69,10,83,32,1
1042,24,78,35,87,81,55
1043,91,89,81,90,8,75,58,84
1044,69,53,72,4,25,77,31,70,24,81
1045,88,74,19,73,83,21,76,22
1046,11
1047,10,75,40,27,89,74
1048,73,10
1049,19,26,76,22,9,72,38
1050,87,11,53,71,1,84,88
1051,3,22,1,28,2
1052,70,58,83,5,29,24,33,23,43
1053,84,60,76,57,16
1054,51,71,73,88,47,68
1055,78,19
1056,4,66,49,79,78,87,80,35,42
1057,2,20
1058,33,73,60
1059,3,10,51,24,28,56
1060,69
1061,2,1,74,39,56,4,68,18,28,80
1062,82
1063,90,14,6,73,70,25
1064,24,46,42,6,77,71
1065,73,60,15,53,16,42,67
1066,72,21,13
1067,53,29,14,27,75,59
1068,87,40,44,51,75,86,72,91,34
1069,51,49,86,74,59,75,16,19,27
1070,73
1071,56,14
1072,90
1073,77,81,72
1074,65,10,11,74,82,70
1075,27,60,12,81,74,16,90,66,9
1076,14,53,22,9,18,73,61,83,5,30
1077,1,54,26,66,14,28,83
1078,56
1079,74,72,40,56,34
1080,37,24,50,82,63
1081,18,84
1082,51,39,86
1083,57
1084,65,20,4
1085,90,84
1086,44
1087,7
1088,76,49,4,75,11,5,45,50,87
1089,12,42,32,83,89,85
1090,24,9,76,49,34
1091,39
1092,1,87
1093,44,46,38,45,36
1094,17,19,84,79,28,50
1095,82,11
1096,13,42,5,17,24,3,8,84
1097,55,89
1098,50,26,13
1099,62,12
1100,86,63,11,9,7,69,71,66
1101,55,69,1
1102,11,32,78,36
1103,51
1104,53,23,29,81,56,24,44,27,19
1105,19,71,48,33,5,67
1106,51,10
1107,14,4,7,29,20,37,32
1108,36,3,61,81,8,53
1109,49,6,11,17,80,19
1110,80,65,74,71,77,44,26,41
1111,22
1112,4,8,39
1113,84,53
1114,15,17,42,65,14,4,47,2,5
1115,75,73,69,9,59,85,17,23,4,19
1116,76,53,29,70,56,74,24,25,23
1117,72,67,15,6,49,8,50,36,19
1118,45,78,17,47,54,7,60
1119,15
1120,10,34,29,84,36
1121,53,78,36,72,40,32,83,89,18
1122,77,88,82,85,66,23,67,19,26
1123,84
1124,37,27,83,31,57,79,16,33
1125,86,60,21,5,39,76,36,14,40,67
1126,25,76,3,1,48,44,47,30,67,13
1127,90,63,41,47,56,64,53,70,12
1128,60,16,71,89,20
1129,57,40,65,28,60,68,13,32
1130,53,40,51,39,26,15,73,29,69
1131,53,5,23
1132,29,67,31
1133,51,7,47,86,60,40,74,27,29
1134,21,9,39,70
1135,90,62,69,40,30,54,2
1136,64,66,40,44,62,41,74,69,55
1137,36,30,77,58,54,37,38
1138,16,55,49,36,71,26,32,50
1139,73
1140,83,2,40,42,6,32,43,29,31,76
1141,24,46,18,16,60,57
1142,47,31,42,91
1143,43,20,44,17,61,69,48
1144,4,71
1145,71,80
1146,68,73,65,33
1147,65,82,27,81,42
1148,2,77,80,74,12,23,15,83
1149,14,32
1150,14
1151,44,5,58,16,66,30,2,20,82
1152,60,8
1153,3,52,22,67
1154,78,47,5,42
1155,49,31,61,68,60,88,62
1156,44,63,61,17,2,52,1,40,18,33
1157,69
1158,58,48,12,54,46,31,77,33,53,6
1159,87,32,84,54,22,90,60,33
1160,72,3,44,42,4,39,27
1161,25
1162,81,83,3,64,47
1163,24,36,34,70,43,9,73
1164,24,68,45,8,62,81,3
1165,79,33,72,52,18,67,76,75
1166,55,26,87,32,22,90,19,4,2
1167,47,37,31,41,12,68,16,11
1168,2,82,65,56,64,10
1169,68,86,16,38,26,67,89,32,51
1170,69,76,43,29,23,58
1171,40,14
1172,77
1173,49,84,44,77,65,18,79,89
1174,50,11,72,32,27,73
1175,58,77,15,78,75,26,67,76,45
1176,57,43,60
1177,58,32
1178,33,75,43,89,8,14,65,7,84
1179,14,82,37,58
1180,5,23,39,69,22
1181,61
1182,15,62
1183,82,73,57,2,85,11,91,56,54
1184,33
1185,86,11,62,55,60,83,17,54
1186,60,11
1187,47,85,69,30,45,66,22,13,11
1188,42,37,39,43,28,81,66,23,20
1189,33,31,63,57
1190,63,11,42,87,83,27,56,74,45,60
1191,39,58,60,57,16
1192,73,56,68,22,63,49,27,58
1193,60,20,12,86,77
1194,25,72,24,16,78,26,6
1195,91,7,20,80,18,85
1196,88,36,84
1197,75,81,91,52,69
1198,28,65
1199,73,55,81
1200,44,31,27
1201,14
1202,5
1203,51,39,66,72,24,79,44,31,87,22
1204,73,54,6
1205,67
1206,85,31,40
1207,88,4,70
1208,77,55,44,12,80,2,10,45,29
1209,58,42
1210,1,34,68,71
1211,5,83,66
1212,50,42,82,38,14,52,18,54,69
1213,57,31,85,50
1214,90,54,33
1215,50,40,89,58,88,86,71,76
1216,90,85,24,86,78
1217,49,10,33
1218,71,15,68
1219,29,23
1220,31,34,20,25,57,28,24,64,27
1221,22,51,47
1222,50
1223,68,27
1224,14,33,5,61,91,71,36,53,22,65
1225,79,63,86,76,65,48,73,46,27,18
1226,40,16,11,39,88,52,87
1227,33,85,65,76,82,40,27,4,5,78
1228,5,30,3,81,50
1229,39,31,54,58,77,42,81,68,10,3
1230,35
1231,67,21,56,40,87,34,69,35,12,83
1232,65,26,51,14,87,9,27,48,85,73
1233,31,22,79,25,1,12,81
1234,74,30,35
1235,91,64
1236,39,20,2,46,10,77,27,11
1237,7,53,87,90,56,17
1238,2,19,88,23,76
1239,1,62,67,12
1240,7,53,58,10
